theta_0,theta_9,theta_8,theta_7,theta_6,theta_5,theta_4,theta_3,theta_2,theta_1
-0.3455846461522615,-0.01592373301014744,-0.26693726752425523,-0.334927506444513,-0.0903106359648382,0.046201547562787375,-0.22185416338788,-0.04195432801165433,-0.7420272348453057,-0.3844686157860172
0.0,0.0,0.0,0.0,0.0,0.0,0.0,0.0,0.0,0.0
0.0,0.0,0.0,0.0,0.0,0.0,0.0,0.0,0.0,0.0
-1.614578844288402e-06,1.3124378285992088e-05,-6.111543446040315e-06,-4.2192146366956905e-06,-2.529452817277617e-06,-2.5310106631252895e-06,-2.1239044752168086e-06,-3.624337914192047e-06,-5.46406547354146e-06,-3.2397132387678515e-06
1.4648721645056484e-05,-0.00011758664050206204,7.689781954423629e-05,-5.708229314631924e-06,3.2491400966056064e-05,2.953379014244723e-05,3.3685055746313226e-05,5.4889898895154004e-06,5.5615529422913856e-05,5.430860174572466e-05
7.277909207048745e-05,-0.0001282235201552428,-8.064756971898223e-05,0.0007151249063669426,9.422669809129257e-05,4.0701804879550896e-05,-0.0001522084889718651,-7.149451582630547e-05,9.128607707023022e-05,0.0001400390159266715
-0.0004527860447703746,-0.0009560289697074687,-0.0030327196784568082,0.003962333691447057,-0.0025052699198095272,-0.0014126419878119814,-0.0008889833138002052,0.00650732328473727,-0.0013330994515287544,-0.0060793054325347165
-0.0014055592647626884,0.0001268368116912308,-0.002944492364950758,-0.004113522729329101,-0.0040798659359865775,-0.002339737267512592,-0.0018056439015690436,0.01103330340504261,-0.0031409783216894463,-0.0077310806655529335
-0.002878923519414856,0.0023017730353662516,-0.0032551231824695373,-0.004654924777586654,-0.00299500439069814,-0.0033025611481290575,-0.0030807237730947805,0.005234395552849789,-0.0036308445539221345,-0.003598160193243016
-0.0018779519607337591,-0.0007592795043228059,-0.0012234114106167001,-0.001575646250313907,-0.0002551766235767801,-0.0015210927291532616,-0.0015552873055834117,-9.690398520104742e-05,-0.0009641668790491343,-0.004369478268873956
-0.0013785421146808694,-0.00040396103754417837,-0.001759260295803768,-0.001906713518727579,0.004954646969984829,-0.0009092861179526255,-0.000993020598268585,-0.001856756340422006,-0.0007924026381302315,-0.004108964102308036
-0.00019551465185380987,-8.283386774272232e-05,-0.0005154347892829927,-0.00040918617344616273,0.0017410413282644417,-0.00020111270607107607,-0.00020173096754938922,-0.0005920545411279595,-0.0001938406705839447,-0.00084426149929706
0.0002666121932861576,0.00010472797029499565,0.0005642240512954712,-0.0012917058833104972,-0.00031334155731925636,0.0003146991422746157,0.000170643110096779,0.00012317767652560792,0.00017855740010401847,0.0004128185260181969
0.0005091457246551583,0.0002138688963936462,0.0009134564200598218,-0.004123722078008078,0.00039320075541281684,0.0009734120588831089,0.0003018779903120809,0.00020089051037383457,0.00039027967054945347,-5.727656845782746e-06
0.0015597757097506808,0.00039736117165745344,0.0011261247400508546,-0.001634142077178107,0.0009639660152474668,-0.0017554724552183592,0.0007316831930312794,-0.0006623697610858418,0.0007435573372385235,0.00020371608136228656
0.0019043454207453257,0.0006260026188012637,0.0012306046523135022,-0.0025921994517179095,0.0009057782213152387,-0.0026081861811747633,0.0010744233934373811,0.0001687718491994953,0.0012047379011505684,0.0007493684537207535
0.0004598503840826977,0.0003791631023473776,0.0005836442006775959,-0.0038607312574594032,0.00044988947248782987,0.0005938414719419263,0.00038666382721502254,0.00037837358354833876,0.0009282816813356527,0.00041817948199837526
0.00013053103491225462,8.05293148072121e-05,0.0003847996445171348,-0.0014016055114200539,0.00012558946389670757,0.00024407439689595495,8.444366435346508e-05,0.00011496635757406238,0.00032967833017143595,0.00023515001869947388
8.532630865209205e-07,-5.201390323218929e-07,-6.071401374937843e-06,-4.011211526865295e-05,7.221901174353787e-06,2.9169522523585535e-06,1.2085383481883938e-06,4.782967880771153e-06,9.435280652290652e-06,1.9302476600677593e-05
-1.4469303255553962e-06,-8.273156046433694e-07,-3.0409820494045224e-06,1.6888501308236962e-05,-1.886298428454701e-06,-2.455377578587293e-06,-1.0218286212120687e-06,-1.526704756489013e-06,-4.0042090321374305e-06,-3.774072151671823e-06
0.0,0.0,0.0,0.0,0.0,0.0,0.0,0.0,0.0,0.0
-6.036151602077569e-07,-2.287253004393369e-07,-8.545452876716099e-07,-2.542021699910085e-07,-3.747211526190286e-07,-4.569577914212896e-07,3.3945449979780456e-06,-2.284774796278579e-07,-3.3901113683979167e-07,-3.3313837097628053e-07
7.942194112703624e-07,3.1001339662935866e-06,5.59757705040241e-06,1.4026525255547013e-05,7.517049492782248e-06,2.0750600946459894e-06,-4.022997680430527e-05,1.1682886265504473e-06,6.291562206582749e-07,1.422197468435157e-06
4.198086316118818e-05,-0.0001682301466710343,0.00012316079361292408,9.628652694714943e-05,2.90600047044476e-05,-9.999121466886249e-06,6.633080067584373e-08,3.750398495968295e-05,5.897004470517545e-05,2.7681792145960776e-05
0.0003564293055654154,0.001504371879324377,-0.0006940965008885485,-0.0019347335130003125,-0.0005335827305199099,0.00039011367784478723,-0.00013891424899315703,-0.00018393210154223254,-0.00017640748950145202,3.8329184072045406e-05
0.00035263790021197147,0.001899085514507158,-6.321855732781083e-05,-0.005001709945843453,-0.0014540178288403754,0.0020752537539277804,0.00291099348731047,-0.0012223499370856864,0.00028887201615350813,0.0008270979755801035
-0.00661052907763511,-0.0013518901290111539,0.010529345325868824,-0.008342203891706134,-0.006589258839304826,-0.0005509285687246993,-0.0005124976537238705,0.007999812314040046,-0.002016132988031542,-0.009058494766704664
-0.01232381918775507,-0.0038611274408147734,-0.012310525953955825,-0.01810328152950053,-0.02476901161315057,-0.012383377380145489,-0.010353368833407081,0.05663606506969822,-0.01268181816415615,-0.029773518875805916
-0.022597893229281286,-0.0061341027219319905,-0.023939898141949516,-0.019856917379719202,-0.04243694244795159,-0.025620989301978828,-0.021754234121287942,0.09328530600478675,-0.023969057777839045,-0.04417829502366679
-0.019915449562329903,-0.009705919191941874,-0.014703560221611943,-0.02075504832216738,-0.017842434673162384,-0.019707189710991443,-0.015051933691394263,0.06589535332533868,-0.018196981594340324,-0.05136425850343333
-0.0026003247014971453,-0.0062567681067113735,-0.00785167455438045,-0.013293768649772992,0.005379748259288023,-0.00986655948511054,-0.0070917984753303956,0.020151273821283542,-0.009604226246809951,-0.032583346056572815
0.00100255591253143,-0.00023911379325399743,-0.00039538070037475426,-0.004829044329185796,0.00980057631437124,0.00027820101421422664,0.0014617111820364444,-0.003001126097205172,0.0005508803708622732,-0.010950393022502532
-0.0023632273113027126,0.0010673444981104255,-0.0054193095286031905,0.016716311051523998,0.001494681311136895,-0.000606701175397602,0.003858698735083388,-0.002653576546610688,0.0025634327374349556,-0.002198920628096743
-0.007214592781371019,0.000770769885683074,-0.018140479054617353,0.0383142769874775,0.0013476632513665758,-0.0076454859917951265,0.005034469032155039,-0.0016068093551051211,0.0021954277146018085,0.00431816583513566
-0.017431315169821302,0.0003589349620526495,-0.029105708856432974,-0.005474016872897272,-0.002059377924231964,0.026085912763813425,0.002394359956714464,0.012876656691893256,0.0025113746447791565,0.0037402456125644164
-0.018924807062034463,-0.001779010784248961,-0.03208103663275498,-0.0008467933737656948,-0.0019305536398220447,0.03811462254983227,-0.001999341953708029,0.004750938801451257,-0.0004598031377887017,-0.002332072987661809
-0.003457667821210547,-0.0006859088353956962,-0.01645752089451959,0.01948060993596703,-5.050491782859655e-05,0.00016563614737191273,0.0012961193219351715,-0.00013547870320423951,7.485758253746639e-05,-0.0006091633589114096
-7.710718218750906e-05,0.0006031502824141787,-0.007198320479119632,0.0026165723411972434,0.00043746691824869476,-0.00029221411686855027,0.0008634259087961446,5.1404232388302996e-05,0.002121138778588845,-0.0005327872805550919
0.0007069380107951909,0.0005062522967689348,-3.739108168416772e-05,-0.0062586830656723505,0.0005451611322684055,0.0002651957869219639,0.0004304711471464812,0.00014973612161379342,0.0025465068084884,0.0005486729908898958
7.0329227386508e-05,0.00014453574082670602,0.0002222512664544051,-0.0008686368078198968,0.00012030251590844364,0.00015356401952439726,8.059431098001437e-05,-0.00020873127136004344,0.0003000193239276739,-0.0006226224388961075
2.1406252744023083e-05,5.185130915972752e-05,3.792969345448991e-05,0.0001167721711410862,3.2624914567163536e-05,3.944860293954938e-05,3.0176513446972365e-05,-3.314329930249047e-05,0.00010537188715036195,-0.0003873578389089159
5.175110161376022e-06,1.916844391002518e-06,6.9619895038818665e-06,2.148676196330626e-06,2.6558691711225025e-06,3.905715745128392e-06,-2.8062647887797763e-05,1.9242419648126183e-06,2.7573759452879153e-06,2.7422432825089756e-06
-3.411240834091747e-05,-4.011520194703242e-05,4.114877181381192e-05,-0.00011829787270570544,-7.291368807136651e-05,-4.365791476953834e-05,0.00037667250688729184,-1.834270547907215e-05,-2.3498856741748232e-05,-2.556250196737251e-05
4.1783582375669095e-05,9.327678010065284e-05,-0.00033911906501088034,-0.0016752902736057304,0.00034481762785992695,0.0006621330835675586,-0.0006517044896785264,0.00019035522714215558,0.0002236981981331629,0.00025339091000194965
-0.0019348308179826467,0.001976956099717346,-0.010305832848313427,0.021543659981819018,0.0025872649139654447,-0.00354432312896075,-0.002936126733469704,-0.0018492429601002732,-0.0015135280219500298,-0.0014054350962294385
-0.010675328213326044,-0.002177683623426104,-0.022058992745297584,0.08759899996676174,0.01385954398266501,-0.03153009147708184,-0.013085287532323171,-0.009167913850575221,-0.011289372403736923,-0.013425969878188665
-0.04970470968592139,-0.024845149803278378,0.011004497461368922,0.14649467372348526,-0.015493627302989366,-0.09422202374295514,-0.061268089933178074,0.07154681403945154,-0.05320754016964744,-0.08548646952791482
-0.09870557849625916,-0.04140882512798848,-0.004736593020217965,0.10906471393837129,-0.058622569388964194,-0.12697792482496428,-0.09015775293894676,0.2370442463253512,-0.08803110620149776,-0.16820788834383907
-0.14967053986208068,-0.05068418168242009,-0.05493910414472289,-0.00569071667372355,-0.09820296932094832,-0.1080971944560398,-0.10285695560277512,0.45633696833192744,-0.08604110049436241,-0.23012522668290097
-0.1580230891738535,-0.044446333157668494,-0.060212808074731956,-0.06965737693023154,-0.0619938593652393,-0.08320164412019049,-0.08870289023439387,0.42053684794479146,-0.057975208523239063,-0.202045037112595
-0.1229347750806832,-0.02351713091553447,-0.026015387277801186,-0.03932473704386497,-0.019421625036363948,-0.0396065135632534,-0.06747938208277501,0.21371017134443074,-0.03277478804455046,-0.022381509932908984
-0.10553093377270518,-0.013855276223806235,-0.0035277009138618416,-0.034061100225573265,0.03971230434562762,-0.016028342183292847,-0.05922653394859234,0.10395913795041425,-0.0248043623014219,0.013900284546335894
-0.10160738482155715,-0.011932620343239496,0.029312187497277886,0.04269448992694997,-0.015902622147125272,0.01533034759341642,-0.05025337603940245,0.07771463269518973,-0.019725296200677363,-0.018059673594648062
-0.10476010894391466,-0.023447412456967128,0.10692953454844714,0.282448981354089,-0.11864385722778058,-0.019398029661921747,-0.0697466122712313,0.012953681120395848,-0.05906146131191497,-0.013090490332936014
-0.17113663325996856,-0.05269235463484264,0.16564279014500458,0.5314724560061491,-0.14619811964352986,-0.0652193337962441,-0.11621683987739033,-0.0518090785608169,-0.16440611534857302,-0.03249573681265397
-0.1883169064420446,-0.06721072111436929,0.19530680010347679,0.6000167213911466,-0.11884605653457735,-0.07628160934317157,-0.12685265572984591,-0.07172611851163717,-0.2305768462369085,-0.051374152983738514
-0.0938032257187145,-0.04051932414773601,0.11671096886770559,0.42866979828528246,-0.05741755296492268,-0.11221456402071008,-0.05746814121079195,-0.043683631151222736,-0.1697560840088022,-0.04564775455904662
-0.028973009180924037,-0.017584852703916985,0.004129488182498618,0.20974068673503837,-0.01829199657529025,-0.04512845064882329,-0.013796062525886004,-0.016981239392757492,-0.08088699877626847,-0.027044175253501338
-0.00665529912400562,-0.004587354698282233,0.0005035413180603676,0.10891085728301893,-0.006835187397457645,-0.007553953659809957,-0.0038729089096131227,-0.013839592146992475,-0.033328762592624725,-0.01944690558915404
0.001567725638576111,-0.0001740054358712901,0.0004387495063892593,0.00568058474792705,0.00016120907458903874,0.00020503377537795471,8.938699826658866e-05,-0.00631808710077669,8.14993182948596e-05,0.003935243915644611
0.00016832651131040325,-0.0004176894433828863,-0.00034308492796094654,-0.0010185473814027194,-0.00011766637219820828,-0.00018885706704947007,-0.0002284389588523309,-0.0017082470718162018,-0.0010352406632298911,0.005228085725139977
2.203772718357087e-05,8.630970340559057e-06,4.3984058650594734e-05,9.34855909759454e-06,1.9231863387036106e-05,1.611337590032734e-05,-0.00014901605395615408,8.985738623017974e-06,1.3440083697981554e-05,1.3214426277938806e-05
0.00026065085424551305,2.0674763740634543e-05,-0.0006584512535156304,-0.0009380625476659554,-0.000150420422962241,0.00017115116099459355,0.0009474642897347793,5.436832762754627e-05,0.00016939511918788455,8.585754956314983e-05
-0.0019664176296030336,0.000631605587824089,-0.003883430372357725,-0.00264694532499919,-0.0020114256670857858,0.001822587182775426,0.008937448383440983,-0.00012571643391945955,0.00046511117293065595,0.00013698968282829506
-0.036876841901954754,-0.01731179112808702,0.05189406108103013,0.10931176317606917,0.004243816324735372,-0.0535867518055638,0.005568455422589948,-0.01826238444825736,-0.03792503891278136,-0.02440429688230407
-0.08524423638455289,-0.06040302819680609,0.13848859313120623,0.3455724561853967,0.04153150985654907,-0.1786717090732106,-0.07821423754213858,-0.016187282588380886,-0.11826961636861803,-0.09561585113151017
-0.20784628776461997,-0.145789851443115,0.18370074210601176,0.4399360811458573,-0.061672039955571016,-0.30559072118287317,-0.2069529382145734,0.29977784825366693,-0.25180990975891243,-0.36851431749045843
-0.3732626320997083,-0.2152800985961704,0.1578538600152373,0.2513199774343941,-0.1397663961841839,-0.3148602956163339,-0.2999230419614217,0.7508853953571166,-0.22247087204744642,-0.5940372446816988
-0.46829990687151657,-0.20333288512554742,-0.09333315713485313,-0.13461848638934476,-0.19233972744205,-0.2660852978463349,-0.32370021581735664,0.9502324736514742,-0.008658060326726337,-0.44401616258730375
-0.40268650427078057,-0.18208046655946958,-0.3539098375906631,-0.3132712622289317,-0.12784526500152887,-0.21578285032361236,-0.2635938471256189,0.6339618168011424,0.04698147603114739,-0.03493497516369001
-0.18210955427049888,-0.15885661592299097,-0.5795740669190422,-0.3471217646921148,0.02112689081373834,-0.23409658002386133,-0.16390016134251104,0.263600289110362,-0.11230448317257918,0.21955435338033488
0.13911126482197578,-0.1711229654960224,-0.5721857581403291,-0.3782831261338666,0.23867033591919237,-0.37052183163161484,-0.2781782677464975,-0.021504540025240847,-0.35732444591824397,0.10130738445742773
0.29030632666583306,-0.21978390281551902,-0.21442947562490033,-0.2898997309207825,0.13962453543678666,-0.4187983272369255,-0.44946399292541644,-0.1276168684492417,-0.46317927281295423,-0.18320461754783174
0.4010307252611602,-0.28923197371110565,0.48421178170191437,0.24414743412236112,-0.2179867573600289,-0.41353190346783597,-0.664936558598721,-0.2359998729642751,-0.6061528991053741,-0.40497073484791757
0.2666287341589304,-0.3961161500787004,1.0924407902335849,1.1375605483108053,-0.5110780896431539,-0.39895021810037073,-0.7970630794201037,-0.46795754743213336,-0.7764644031088092,-0.5139302625186555
0.004085488935817598,-0.41433539057194385,1.187887673522513,1.7366015604125606,-0.5970653059811194,-0.4738359355737306,-0.7496103689201133,-0.5252221553750792,-0.7855644115347172,-0.5018116283421774
0.0031202775228557533,-0.2929601463367946,0.7138270419668042,1.4135367886240966,-0.3964058551132274,-0.3911100746089356,-0.45618281660027377,-0.333939094217813,-0.5929181407110113,-0.3511808871502525
-0.024376531189043236,-0.10782627548318165,0.18539927032539813,0.8120478176113574,-0.15069701328981058,-0.17273754037475766,-0.15869604735050435,-0.10252226780868443,-0.3075835443755647,-0.1566554685550202
-0.041278902451358984,-0.036155627062628766,-0.019480598313745462,0.38229692902017415,-0.046815146182133366,-0.013986019862334609,-0.03313419343367966,0.023873415445371124,-0.16339267100178484,-0.006492305840993874
-0.0165111082970983,-0.012135601583968722,-0.02122563355291446,0.028825625507604404,-0.009281289839626212,-0.014987744632839377,-0.007259583559945683,0.06290843889484823,-0.02569311030284353,0.05543650734697433
-0.0038467245457879896,-0.003237830192031771,-0.0018512768559145428,-0.0063938433432077085,-0.0025116943913920304,-0.00351897440540593,-0.0019500411566164197,0.01413708263461952,-0.00559123222164898,0.012481420565155991
3.012651897235184e-05,1.3371241220840873e-05,0.00011534400696507917,1.35297153118148e-05,8.05958577623828e-05,1.9555663561730873e-05,-0.0003674536979770432,1.697169151946851e-05,2.78868736316372e-05,2.984023417469079e-05
0.0010675648446869539,0.0006639740624007123,-0.0036123815381515216,-0.002148535354179176,0.0006483277986891509,0.0013497920015846409,0.00013022829008134198,0.0005586231229621237,0.0008284817263478288,0.0005855555598168067
-0.008433701880081221,-0.005736621226886252,0.026838198583813658,-0.0009282248090103081,-0.01290085620196539,-0.006028602552164575,0.020463553670690717,-0.0030781893782223517,-0.00316770729067457,-0.0025467000418734893
-0.10390752861439778,-0.06125488390860762,0.28250332254816135,0.2535135218021689,-0.027374604731337526,-0.16673423349547326,-0.031149616958382215,-0.07569406523294615,-0.12300069084218923,-0.07687424080211858
-0.278087534964536,-0.1903270640610518,0.4705419143393452,0.7498302469170205,0.0048706669784795605,-0.42189079014352443,-0.23660029379414835,-0.04677630933461354,-0.40291993595663483,-0.33121336883952635
-0.5048550204986254,-0.41420747496776195,0.37150032590637044,0.757379240624622,-0.1668013237549315,-0.48249782615051023,-0.4788245473662619,0.6300615006277216,-0.48580513339309256,-0.7752347617698399
-0.730554111099595,-0.5347627894480175,0.050602326558498195,0.2608907587289944,-0.3461938447032576,-0.4632507761410229,-0.6623395359644133,1.4604173255491493,-0.16022423188119458,-0.968854052219811
-0.6708678649450661,-0.4752629640850712,-0.7352312449267662,-0.45950032752522274,-0.4298573042771338,-0.35164296940837514,-0.5593987627003656,1.2878574332158756,0.24483602973006036,-0.28122614726615724
-0.22964298252391516,-0.4431485689099475,-1.4884345570854869,-1.025580967761635,-0.22595128107539464,-0.18503379183977883,-0.3393013366373907,0.36723344756473114,0.024167051603188765,0.6803199685021991
0.3257250405111785,-0.48559540019046016,-1.8905129286194808,-1.242540017242978,0.3689706421793945,-0.28228244351311443,-0.30108346990601853,-0.2849649141246494,-0.533681864099195,0.8202312770730682
0.9595400789584138,-0.603344444089919,-1.7077656205256109,-1.2758227012316234,1.2105843064468091,-0.9751451819819492,-0.42055832773788265,-0.726488819271598,-1.160962979486395,0.19706183411784564
1.3759049454599166,-0.7088835049114777,-0.6377682041130703,-1.2363975657009123,1.1782858021841067,-1.6869566885727878,-0.7229144415417138,-0.8510960229478219,-1.4811445751881025,-0.49440051931573936
1.6484569167080487,-0.8416070280059555,1.056970639779568,-0.8067082081898107,0.18200980779823228,-1.1765552435808193,-1.17556977166121,-1.0282382763831537,-1.4809381287938368,-0.9300574186114801
1.3556124013294,-1.100409143347769,2.003467954117332,0.23006185733981407,-0.822097761797546,0.1843654790058972,-1.623413347124045,-1.3130763947163973,-1.3330040400020036,-1.1753895918026207
0.6906155078095104,-1.173617659569665,2.0919183729948236,1.5788793115391324,-1.344768559852458,0.582429810875616,-1.7037427915207497,-1.348402049531139,-0.9311174137173903,-1.2393003570760877
0.32568195696582014,-0.7729534890087647,1.4432198322334293,1.9478380054816642,-1.1341633800844766,0.0758794557502271,-1.2922792840372472,-0.9745600592806564,-0.45070728224003814,-1.020019158384356
0.10351138386550102,-0.2519010279163646,0.43777803304850393,1.4571453442348568,-0.528047203853599,-0.19116827560920457,-0.5758307137197352,-0.35059925328635205,-0.2068907441235448,-0.5042579105294824
-0.1523259542058914,-0.09977708882921053,-0.08242661712267013,0.6668290084350595,-0.12753005540561535,-0.04130211315906636,-0.14320393673532536,0.20664384704246816,-0.21497931043403593,0.06684006883006065
-0.07932419879838373,-0.05661775904433102,-0.09300631769341294,0.03859351774632635,-0.06935313140673298,-0.03906668504577743,-0.0383459951877585,0.3522377334568933,-0.11963509663699248,0.13364187349688134
-0.01709021098442751,-0.010928676280072927,-0.009934704061412145,-0.01961202297322073,-0.019949841994676264,-0.012134786728735978,-0.008702389606567683,0.07707553746059836,-0.01396701333315485,-0.011715826202015315
-0.0004540749056474592,-0.00016239806811850708,-0.0030287882503479842,-0.00015339848913652505,-0.0008373581674755952,-0.00017458804011535883,0.00699216865081914,-0.00027476473831297596,-0.0002826643141430678,-0.0003411085031618248
0.0006221696384578243,0.00040189125581283655,-0.013409469639691467,-0.005681936017566041,-0.006014048842120405,0.002381468111037224,0.028370334403957257,0.00022047099724881492,0.0003828718358483363,-7.408470675844528e-05
-0.03366920203594337,-0.026201292416719733,0.1441530747700948,-0.005427092650297698,-0.03367108558761502,-0.03621415535584978,-0.0002660057819416486,-0.019956039770434413,-0.014929201822129607,-0.014215609562644442
-0.2619180945682385,-0.13140001970306464,0.6141063018615451,0.41338197882393357,-0.039439934863553745,-0.2755694352172752,-0.20837150500877075,-0.16733645729831556,-0.2995810204926621,-0.21994736867566217
-0.6537849093451145,-0.45508093810687605,0.9097347002946674,1.131085281820407,0.008282631951179285,-0.509414658852747,-0.6203964798497181,-0.13481344100726533,-0.8009916289262868,-0.752815731408887
-0.9827010465864283,-0.8202324985893124,0.4919684554555159,0.8599796214142168,-0.17921471444538675,-0.4081642938448393,-1.039275574249755,0.9274772243532728,-0.31695900865407345,-1.2587981355646798
-1.1571154547510984,-1.0636043258455532,-0.4256570458539892,-0.3384336914094488,-0.4981423245040674,-0.1929235922273673,-1.118885852318299,2.228989018894178,0.3469806910520622,-1.331398587803194
-0.7778544640161789,-1.0487197717346723,-1.7516846784219622,-1.5642745415165238,-0.4747101818015447,0.06475018279687675,-0.7577877154527716,1.7565009260733528,0.5350517086051249,-0.23518512569945355
-0.005684954441834677,-1.0092211298072626,-2.783161704273407,-2.226093554341083,0.28552606538306036,0.41994602726555985,-0.5235114318636072,0.1515667614062212,-0.12830447986823412,1.1842284082397943
0.6491714585732383,-1.1679727470465648,-3.0406342922945404,-2.195811024838463,1.342061646329948,0.20095003756536767,-0.4460240130507084,-1.069162095048816,-1.1225304011734685,1.4818879210470486
1.4688437382433082,-1.3393011376478525,-2.0774950044443936,-2.0045685987365047,2.502187781420333,-1.1883983879861848,-0.2779883695568523,-1.6850234395091113,-2.042241670244408,0.611654770351198
2.19066585981478,-1.3283609564573067,-0.18229823649635304,-1.899636636320482,2.5217379550642267,-2.5189682057302325,-0.06473819465590205,-1.6552531820471785,-2.3440400636542815,-0.364623122541799
2.4738978188606073,-1.383005057699352,1.359617589463128,-1.6208180606880687,0.8598677559081711,-1.8395271117159897,0.11600777464387677,-1.5197479197749553,-1.2788784367561774,-0.9542051175651065
2.3724535559023754,-1.652216178210223,2.1489677649374452,-0.9016927396175582,-1.2016556057041896,0.37692684561519946,-0.5006788569941446,-1.8371082431146994,-0.15415770714442675,-1.4271907385549378
1.5964369201119144,-1.6781384718999592,2.1530051595260478,0.328802337736054,-2.0821294544480566,1.8853468193221181,-1.5949644178594233,-2.0001035347596288,0.07659380038875893,-1.8610116985016498
0.8541901748464846,-1.005558693437858,1.4883951360655703,1.5331130352328088,-2.0492521076144476,1.1253485786077093,-1.961775935758259,-1.738948875617319,-0.29117760683067767,-1.7991766095023207
0.16667556826962435,-0.22580697737588648,0.16597521099255513,1.769893935173669,-1.2048935757174188,-0.05680647883849444,-1.2986803878358426,-0.6367825346269665,-0.4340503187367798,-0.8642890042127307
-0.40294024642298587,-0.2950047777358607,-0.4579299888019874,1.0691423923950085,-0.45678240020399336,-0.09074584207808777,-0.4587000403777361,0.815666533261066,-0.2727080939132819,0.21160986790997463
-0.22364734839525807,-0.2052201530955175,-0.25029179805676594,0.023395088130927392,-0.22595223939594958,-0.12177200380112088,-0.1362619945259204,1.021422864037212,-0.35116852550712174,0.23881300266451916
-0.03647920733609379,-0.02854915497890143,-0.02820901082638499,-0.046484129284886655,-0.051049992292399496,-0.039943114219846636,-0.023673721751260205,0.19164789044064115,-0.037886596547446416,-0.04162638322693141
-0.0007500868077097055,-0.0003149833641217718,-0.007073214188595325,-0.0002960396848261984,-0.002543521466539117,-0.00033849125763735834,0.017421180147472574,-0.0006147825423118316,-0.0006217356859492127,-0.0009344221244199439
-0.006278939829983239,0.0007249599446717245,-0.03545745258965677,-0.009265833173033425,-0.02346591594254229,-0.0002798244963785306,0.10840503633441192,-0.0026002592431369855,-0.0008043956479075541,-0.0033280843393477754
-0.11361243702749356,-0.07547853768396533,0.34182016831825,-0.027417492695076536,-0.09356276757479312,-0.072889030668067,0.0824916943206684,-0.047588480203976435,-0.055757077146620274,-0.04038802520105889
-0.5342014507131074,-0.3762581044947706,1.1850442839199646,0.44208980377216783,-0.1644314233815395,-0.36890719052047954,-0.27221231439152765,-0.30026453107461126,-0.6024330068408383,-0.4257823957613687
-1.0284289413166197,-0.9397277295749046,1.3186387807055169,1.338056592059674,-0.0570028553784833,-0.3544077427424528,-0.8021624337821909,-0.45426292018746234,-0.8873838417000683,-1.1989870652321535
-1.223755660058457,-1.5104469058500474,0.49210261334441835,0.7630220960956761,-0.2180826983989266,0.06547237632392885,-1.229288148405307,0.8327477909508363,0.3050915662015333,-1.6775942963596513
-1.300167702514694,-1.8069747180400566,-0.9252611568719314,-1.3151423766263766,-0.7679307402588456,0.31968488361802916,-1.1066072849900725,2.3805287831035384,0.9634356430309183,-1.4855046029903263
-0.6714927910854913,-1.8554947252573442,-2.5739932846820954,-3.0074740696669156,-0.37898070964077657,0.6553558032320115,-0.6946241407427886,1.4493613625195825,0.4298657002033133,0.18402828704248197
0.18300261876741536,-1.8894352706050426,-3.576935511772019,-3.278852026250385,1.094494880409147,1.0967221436365753,-0.3353306038157699,-0.5431106727010838,-0.5090936091549603,1.6602647324474888
0.7836522814994398,-2.145079799949971,-3.585914032877916,-2.5068266166055917,2.371441901551846,1.2240547793401528,0.037565687103854335,-2.0510745585819894,-1.6255763020090364,1.515509970587124
1.3347154012009288,-2.2141029686380787,-1.9061365775368866,-1.621692736875977,2.985108197431421,0.22919181988022416,0.6681391992690188,-2.810161985938654,-2.6457563450171486,0.6212410640673633
1.6308678393921037,-2.075964256093703,0.3189454034103602,-1.9862406979216054,2.66716838009588,-1.532534827159098,1.3946585487536634,-2.4336508362326565,-2.2783769327777135,0.08158393629979646
1.8105820006752367,-1.8579776579918623,1.3486710736538354,-2.206547963802176,0.8910854118427732,-2.316659463275737,2.3519494886446863,-1.7510190698902166,0.4715573247931198,-0.36706281930377527
1.8880936165919993,-1.5366329171221433,1.9039253317704226,-1.9026675023508615,-1.4849833865886441,-0.7729409919333735,2.186741369030028,-2.011696811927448,2.058235734321011,-1.40540858274755
1.7595257140045288,-1.1731572788536409,2.0359070781922393,-1.0971442866552017,-2.590636865584877,1.4322047442859511,0.09003185907570677,-2.266741800775719,1.1382549357970704,-2.337983766255289
1.3499702560752789,-0.5256020541685218,0.9640848022238266,0.39909305965608616,-2.7165651558896298,1.4529948181713626,-2.0925394470286025,-1.8316746397311883,-0.40434189546976285,-2.2723625716061564
0.5046800287318535,0.1343696608459946,-1.0103495998843433,1.421580151739229,-1.8474614271107805,-0.006148754481135145,-2.2559816564010875,-0.5213537192108119,-0.6269144429227912,-1.265989671637895
-0.632504033592103,-0.3720602584804818,-1.1633625459096018,1.0247287352323298,-0.6878563956324034,-0.043126294763257314,-0.9502226832539953,1.3870204734929112,-0.17540690897424147,0.09997314641675308
-0.3896165691672274,-0.3661734711261371,-0.3724065092175689,-0.06612836379659927,-0.38647658248571265,-0.1534290032884508,-0.255453044896194,1.4609798377302665,-0.5878343203739732,0.31718448987671227
-0.051702495341687464,-0.04339994667498532,-0.04173983743754216,-0.06626206778481325,-0.0831096666193871,-0.0692086138271424,-0.03425852503411366,0.25415974431982885,-0.06472423831066398,-0.07811252672568952
0.00022538346882166593,0.00013684864200805492,-0.003964706054472637,0.00015279916434944747,-0.0008513297564837073,0.0001237180859855924,0.006414004491140977,-8.275999581022821e-05,0.00018846165540133505,-0.0003214499411124509
-0.011285138308744098,0.0006811363590687802,-0.048894375188538494,-0.01884209739028099,-0.04997641482024866,-0.0033148832594034365,0.16210359420181095,-0.004611680961664839,-0.0008760960115187074,-0.009196615901830865
-0.23846194757614708,-0.1608035304360284,0.5794856774723073,-0.03368216418545194,-0.2466943092324963,-0.15692106924850216,0.23049453887106255,-0.1108253964230294,-0.1860513881880161,-0.10652604426337896
-0.7983607742550026,-0.6925408514037851,1.5283641189587733,0.7488871143732033,-0.4065181194019911,-0.6126359629378978,-0.2519574467610888,-0.6111335801120903,-1.0000063532287848,-0.8128151359807886
-1.1374848583580113,-1.4775710129788886,1.6268939348669809,1.770296361898908,-0.3925596192919472,-0.32043922213208914,-0.9704849990306819,-0.9843711001979439,-0.5413981697844568,-1.5732064504837517
-1.0884151029163633,-2.2401731702672096,0.6638759937799213,0.560189828684835,-0.7996255292299665,0.4188787341623479,-1.2086759305224375,0.6593042208421368,0.9232931736383314,-1.2950378548733996
-0.8465325225459096,-2.627437233966675,-0.9908816742665418,-2.2113380345310865,-1.2546767349325278,0.42504599037695284,-1.151046306450697,2.022760182766679,1.2024330245390003,-0.24717438776302111
-0.1928600399364724,-2.6681986888879954,-2.8363277670664675,-4.070028596309197,-0.1095814069253032,1.1821440273510067,-0.5661307670582032,0.7477462250547003,0.8253703898809168,1.2698555780414278
0.43480126927669993,-2.7308551967936823,-3.881204173452557,-3.288986301642699,1.7726555031245963,2.247004656913986,0.30829355267932373,-1.2895733201270645,0.16663740509399305,1.3853671752925008
0.6327371537913592,-3.06637081660722,-3.66688556755727,-1.4314927411022234,2.7170355097545182,2.828140250198259,1.112944540648708,-2.8427893406482947,-0.9003117766657519,0.8661650445820198
0.3471532127985554,-3.089436377437125,-1.387153244235026,-0.38336477097638694,2.9110503223847912,1.9471837728999122,1.4767667873088637,-3.6389051392856464,-1.5899275016945704,0.6131367141005142
-0.3181512919250007,-2.6733560064484574,0.9243195536569885,-1.709625219695964,2.4717616179843014,-0.2500177087584787,1.5808381848629267,-2.856325413359907,-0.08458188837170198,0.456563772873387
-0.2882932195754515,-1.5458488354143387,1.414281460579032,-3.0974207826150413,0.49287905025478645,-2.2676732250703724,2.785084997657667,-2.013059649424734,2.7867901479213915,0.025484287071535498
0.11381705771944198,-0.33050324593961883,1.571397120654607,-2.993527331310474,-1.9081800058593992,-1.6846551863744705,3.7037643464812153,-1.973530506548664,2.7045889311103486,-1.3773680767101277
0.9591802320541293,0.05557088376895678,1.7797065766875295,-2.2078488944648083,-2.989146725565481,0.5289255115470077,2.2548710174899593,-1.7941705537515682,0.5642249393113216,-2.4705443666162994
1.3842243506200576,-0.15291781839623095,0.6381872239418197,-0.49997700851911175,-2.8925300305946307,1.195067148712239,-1.2435755659724235,-1.1855392239217561,-0.5748620318427323,-2.4448571098847562
0.8880242056759455,-0.2906583509668012,-1.7799462497618403,1.0091531876943862,-1.9481331165158613,0.29226316839235805,-3.112743895414193,-0.11173700142902651,0.38433526662109724,-1.8087989302133474
-0.6654492484061205,-0.6768203438306795,-1.703699612108368,0.7052888971745803,-0.8071046648993021,0.03229441199554446,-1.549669078279553,1.5084043037327146,0.1044300600466919,0.1089404985680285
-0.5400943365913593,-0.4946148349152691,-0.4358099283966491,-0.13999795725455128,-0.6690662142264376,-0.20425547422639723,-0.3421209601790085,1.585458745662048,-0.7757974460141944,0.3522914519236642
-0.07726292846784961,-0.05024297272473902,-0.05148372982548378,-0.07938357185379635,-0.1340699407396761,-0.08628841814930557,-0.044968143557588935,0.3142837850585774,-0.08456319623018153,-0.21264105061905805
0.0009923311319764822,0.0010604330428651226,-0.004191238915181512,0.0007831924853375441,0.0003146686465412747,0.0005217745884305332,0.0005986460544035635,0.00047483087198082726,0.0009689774829919144,3.0856375686031374e-05
-0.016439777139579143,-0.012756119515089188,-0.032603931464675696,-0.03173094989067988,-0.062101036980567736,-0.009179166875688323,0.14400941460364877,-0.006793716469659892,-0.0029809916008933872,-0.015907280736841424
-0.3509521662659654,-0.21808169318694157,0.767374149010802,-0.05368444102309539,-0.4141649374535829,-0.25205807432448113,0.25633742666743486,-0.20403922720617246,-0.41634381642807977,-0.2183786074567395
-0.8196776518022845,-0.6771403381614836,1.8486975406527433,0.8822532151543274,-0.8806584233439634,-0.8287107269788573,-0.4111080636635993,-1.0647129473189192,-1.1509836330746095,-1.1669220064485446
-0.9204215673220285,-1.5603851051477367,1.8411284216250245,1.8949476909802045,-1.1898118254129335,-0.2235904265185154,-1.0784552278079396,-1.6157633291142335,0.2273275429239953,-1.4566432595259053
-0.6897049484665978,-2.37242268326856,0.5751828569328251,0.1894312810672433,-1.9385157437508036,0.6232474610041839,-1.359732117728689,0.1713212092375899,0.9189076014110101,0.2510755089926582
-0.28368292993744143,-2.7155800765316824,-1.205013309888349,-2.7304069883731907,-1.8855610332755763,0.6442302079811967,-1.0397633149437224,1.659825219029536,0.2916034954460048,1.1222602780580726
0.38093636707061007,-2.5645056037519938,-2.835464294136845,-3.7636379161415947,-0.19710982720591083,1.6105871383236479,0.25595983364256797,0.6776304119101416,0.6200782371808581,0.6142574733867574
0.29480745107931544,-2.5890327130551136,-3.576524038777029,-1.5353976285470523,0.7662214945440012,3.062973435234105,1.2378968361686224,-1.1392396375882432,1.670340962301557,-0.3639885983902141
-0.5904768297343687,-2.8367557262509075,-2.97633242654208,0.8429681903796818,0.8802950363003664,3.6728393717517513,1.455903568354728,-2.8979897043509313,1.9164331715346101,0.05014234841972153
-1.7766349213862607,-2.5274696769789964,-0.5654851346956146,0.9446423559937414,1.8459036656102326,2.1025611292551907,0.5719442965082695,-3.8581433366154165,1.6256056807725234,0.5459322971010365
-2.715470589616531,-1.2837332452700936,1.2585675051630645,-1.8417661889201429,1.967510114614051,-0.6431458457631948,0.12135510840534243,-3.173187988933449,1.9952137671911583,0.04763986007661394
-2.4077334383324183,0.4424722535372302,1.465110636800358,-3.794665035332985,0.32404358900992475,-2.5600175042546702,1.4739220330700842,-1.9101347192369968,2.3917541976479755,-0.3405586739183522
-1.6714853316174725,1.150357993534368,1.568395609453903,-3.4670014585508806,-1.7661449787142443,-1.9676205929154884,3.0674262044972997,-1.1088519022101,0.7063722392676947,-1.3412140319509356
-0.5142501345247239,0.47296865856158365,1.2216840340430368,-2.519273139758232,-2.586284387173875,-0.2162202942889294,3.1172312592242197,-0.5309746679472812,-1.3428103701190621,-2.316759233215484
0.6638258720934321,-0.7194154413806738,-0.12950083279909144,-0.5804348280255996,-2.37406023702289,0.612325100640118,-0.027931368172680774,-0.2792883385453029,-0.622324736368486,-2.3920485462044114
1.0228100408239398,-1.2161987619976422,-2.2222336625783776,0.7179289527742334,-1.5822121684147399,0.5038417578727962,-3.447394483493196,-0.1822542800994397,1.9169758147050306,-1.7396404161020802
-0.5793783754249637,-1.1258004009073441,-1.8480568259221912,0.45346756532296856,-0.7874630611277761,0.29779204371626666,-1.9139445847310654,1.06829296726715,0.7196705533000132,0.2089305821011977
-0.593201345782586,-0.5055468264575085,-0.40621501573663643,-0.1649223959388923,-0.8201098698645981,-0.2726380631095611,-0.356221502794971,1.2842143763527532,-0.7357586505328073,0.598195316351153
-0.125179937414911,-0.06498418214097791,-0.055731983011280364,-0.09720640983585563,-0.15912448912823549,-0.10628473694867799,-0.05643892446049442,0.32382348357610125,-0.10028839499024882,-0.2239477693204371
0.0026574318227855684,0.002612661465168074,-0.0032495821704496388,0.0023889939560920747,0.004596931263502829,0.0026050028261287417,-0.004999733326741854,0.0019514507963796523,0.003135030043479893,0.0021644042854555567
-0.052752079151733224,-0.035414019423044334,-0.0634300767811147,-0.049253187437233545,-0.09570577063284234,-0.02494072648674933,0.21110325610519085,-0.015842540829763406,-0.023966179214563475,-0.030982589342909365
-0.4306084925869786,-0.24913502457717476,0.8175566445167805,-0.10463962171798688,-0.687575106962868,-0.4027657488524862,0.48217306092223783,-0.331856248213469,-0.641166271941354,-0.38684688457070643
-0.4391689299658481,-0.3943055937751733,2.1636326789477383,0.7123464030081599,-1.5674176180336254,-1.2259483434944027,-0.3726612958722735,-1.6225005790359484,-1.0981461713417633,-1.7994295240843408
-0.35492970939811647,-1.0561166070940864,1.696554264169766,1.5293605239105008,-2.35202048907107,-0.6575454969923417,-1.1154319957652452,-2.3894164245208884,0.9821676007204717,-0.9686189200909454
-0.1883688965588177,-1.567744932473835,-0.13956903132881407,-0.0679627418957499,-3.3826039308625324,-0.06856884519305949,-1.2415455663037773,-0.4567133514682674,0.19548753979059905,2.316543674525463
0.3020929862632491,-1.2520788150041426,-1.5684571915700918,-2.3590202061064125,-2.784353870858661,0.08296773290680758,-0.39112910117779703,1.522702310354648,-1.0383192055534722,1.0976055270279297
0.4121664172408116,-0.3121508046895922,-2.694950350668521,-1.8564814158207859,-1.5019031182189015,1.2460306889925272,0.5971163528002364,0.9525722300801892,-0.062011979906016194,-1.2655585527273452
-0.7773885640175247,0.42716900863712426,-2.9695896452009225,0.8149943007512435,-1.3499669127973448,1.9584625095360098,0.5656597498279522,-1.0409397901043085,1.492984605099366,-1.7100853676660823
-2.403678473978588,1.0645866407211777,-2.589895410777096,1.9462968742576097,-1.224544913118427,2.1904986948685408,-0.360661035444394,-3.303914454977498,2.1020038928405205,-0.2615051248803191
-3.992398649156482,1.642690854491907,-1.0532968783809384,0.32713600281237293,-0.015282797809279757,0.5051755207497024,-1.2661992612353055,-4.485113037028049,1.7362535151336367,0.221530298527954
-4.688113982437949,2.32704997996195,0.3714159398615297,-2.6486160323930763,0.9629320339135604,-1.7294729094457353,-0.8974988356559267,-3.4661203886851037,1.2228992066215651,-0.9727753987934291
-3.9835089872354863,2.781946690376588,1.147402330242792,-4.233360288866258,0.593578576061373,-2.710278989652936,0.030972501756685658,-1.0357686083997324,0.08910140531550281,-0.8232586896188075
-2.824346248930399,1.8977582398774515,1.3262331960810716,-3.6724023706415423,-0.6494236503813603,-1.7429913042452085,1.0793963520651404,0.2764981254368181,-1.6065085404835477,-1.2854406193074894
-1.4005053501301314,0.14929377366422156,0.35411754784502353,-2.14843462666758,-1.564632287477923,-0.66405886444001,2.3752143284143714,0.19981000467096058,-2.5414293020408305,-1.9812287999870408
0.03599176832374454,-1.0409133087606843,-1.4001861150415453,-0.07707492209857211,-1.7134041250191092,-0.24848694215811942,0.6314813254444018,-0.5357243458416209,-0.41195123687184,-2.149159257508829
0.7451726636803814,-1.0531746778629367,-2.820404885778416,0.6064551514579869,-1.1581181119224053,0.3587138394324099,-3.2235954329296193,-0.6521073346393216,2.2885516380400532,-1.6989175958635538
-0.716940460005282,-0.9775348146767877,-1.7920979528532501,0.2516904368682832,-0.6535858176838513,0.2778485831111871,-2.0360701111984545,0.8241759347820091,1.261680855144371,-0.0373566361662553
-0.629264250935774,-0.46724839477099955,-0.38764009262666055,-0.1816131673196764,-0.7751657898197896,-0.3218257896371785,-0.3871218802335264,1.3037864811329178,-0.6272532143421269,0.551835098829961
-0.1639859906285322,-0.061438177262760546,-0.06027743483388854,-0.11080429097095511,-0.19772377146851833,-0.12954831731911157,-0.06555149802318648,0.3902438083779936,-0.1143754721227781,-0.1757144298898031
0.004039905690857432,0.0039005889376594375,0.010472347714044719,0.0043170034495751625,0.006878430912541808,0.006066285006209836,-0.023438853925300075,0.0030108724156326116,0.006854882532711761,0.004676794342565028
-0.10678805359701257,-0.05678643861376524,-0.23496954179459004,-0.07024277587173272,-0.17951659280419413,-0.07105502618068907,0.40390064055453045,-0.0394081321469518,-0.06957490730850474,-0.06859369255259752
-0.5658019866330821,-0.2750193953200848,0.46608337764939467,-0.289905499747152,-0.9290098561366199,-0.5711538727129197,1.2614796620209776,-0.48070475745333197,-0.9109649194840993,-0.6050750869870479
-0.0815489312250708,-0.21866688265752646,2.079968381242795,0.1879664347285931,-2.065042503403161,-1.4751997694753063,0.28193726704870475,-2.0687930328632316,-0.6961268494793342,-2.489436424464157
0.19715557955963858,-0.7796479251360372,1.352105134886073,0.880939840786275,-3.5976185814934807,-1.0085841414333907,-0.7335794173842296,-2.998077049248118,1.4869204469501205,-0.015146721837148897
0.37126658824510955,-0.748291375387493,-0.579264889342702,-0.018861537367491243,-4.804741997140966,-0.7314919183603728,-1.0208754907399893,-0.7119475508731052,-0.7228031272005456,3.8412831569062513
0.33980265399765436,0.6706994220731114,-1.4593076010538015,-1.3908909738475235,-3.9873061121786675,-0.4412029988628864,-0.8974209287767879,1.921372128644014,-2.2737359891402025,0.3131880374259565
-0.6432974378242029,2.7674053225494615,-1.964350425853135,0.13716617269268025,-2.7499910783975765,-0.07714141754950586,-1.1955878181665223,0.955976862374514,-2.2253238206315036,-2.33835779090868
-2.508176731637567,4.141347234106476,-2.2290538791938315,1.8922258180703828,-2.144530627003128,-0.392511881346216,-1.990834416188974,-1.307954029100035,-1.2510234592088,-1.7223049102466295
-4.21008641051427,4.203965404567586,-2.641178286917785,1.4152334392144625,-1.8708553697431123,-0.4256932196883618,-1.7800148528532405,-3.322091884775069,-0.01606113821838105,0.12808043132123667
-5.3932877124239536,3.2278956345079215,-1.7870301774337516,-0.6004922233386046,-0.6925775687306494,-1.3288666481763451,-0.7851096936609161,-3.538771745020911,0.502719873137547,0.16817688718179294
-5.513422923131972,2.473208359537805,-0.15047587240867846,-2.6750274679995165,1.0302762703293173,-2.0384166902076344,-0.8784551506942775,-1.5744630872508938,0.15992577310112982,-1.1876574416469994
-4.477125526411573,1.523646758478282,1.0488931529568315,-3.6414162634308154,1.325316951978982,-1.922781067709283,-1.3689614729894004,0.7550960204344782,-0.805426086192082,-0.5950974123041636
-2.850023133163911,0.5116251112955419,1.0434909786554354,-2.852702239548416,0.3314185587821751,-0.9972155633186116,-0.26565659954230464,0.7992220787541541,-1.868815844263083,-0.9268797060520927
-1.2758497350667382,-0.35950710403651676,-0.46559912478548643,-0.9505963591555369,-1.017407194038801,-0.9872898962676678,1.7777034330092967,-0.2506253161740769,-2.3740360123959476,-1.8406741710572354
0.11283304841828803,-0.6957977498425211,-2.4086577523576738,0.5752844228569998,-1.5184128403814767,-0.6730828728603742,0.463334158623063,-0.9012743241584024,-0.9303404510126606,-2.230599946873886
0.06603536940410466,-0.26980557257055704,-2.8306979609121923,0.32628665954754726,-0.8467111458057852,0.532516581445585,-2.943627543459276,-0.41414905441570105,1.049251094940252,-1.91882230395481
-0.8727694900383489,-0.6377755836267385,-1.5241042043359414,-0.26608126097228857,-0.429440163249038,0.21175308763382325,-1.8907823360210636,1.1423139190495597,1.255500159355618,-0.3852058106358782
-0.5807230501005355,-0.41127634387468404,-0.38713301806427974,-0.37105152288213367,-0.6199281428586559,-0.4336120592432833,-0.40857565070869495,1.3397200216969833,-0.46609712912731793,0.25212683876458974
-0.13285555360799242,-0.06027058202910247,-0.06758634278822091,-0.11579961773058028,-0.2361441731929677,-0.13550036763877057,-0.07326556687353633,0.33951085452806096,-0.1239965531218839,-0.15083828826973428
0.007549525180372213,0.004360862995297001,0.025643724482422647,0.0054895860425897185,0.0022141314354479857,0.00926426074202005,-0.04283727709516741,0.004009493356548923,0.009073875414638891,0.006383404761068024
-0.15651746220653046,-0.0828136991929005,-0.30462896117187716,-0.09442269924065459,-0.20064194068731456,-0.1285980861796946,0.5695329174163796,-0.0649656788535516,-0.13615065954087244,-0.11368237128088572
-0.6625350821941856,-0.3805973788589267,0.13482112593865278,-0.3479504093316784,-0.9249504527125628,-0.6674455625140243,2.124687543104179,-0.5329022813325041,-0.9914034172677807,-0.7281160576277219
0.1570271173879643,-0.3764986190177178,1.724098532704931,-0.16085145621776567,-1.9442375941265042,-1.3904626453175863,1.1820206625772391,-2.1865393397949147,-0.1865416520139285,-2.674585269010547
0.8504294808808455,-0.9798659274788433,1.2218733007319922,0.5282860924362379,-3.270443273346076,-1.075071720975206,-0.5890291165279692,-3.075784041222862,1.4090626295766162,0.29927782986539625
0.6786487332871127,-0.9358150949795723,-0.5343629548594425,0.22130655475564304,-4.403533273247851,-0.9964220948783303,-1.9440284632637939,-0.32474507884141307,-1.1581461953835472,3.6483504351676057
-0.20346473366909873,0.7019971693309515,-1.1395398468236362,-0.031128464407859758,-3.177687320198007,-0.9804628019851896,-2.6491678424246268,2.4210821361725032,-2.909043511118235,-0.42613762458906185
-1.7360598444624602,2.3124138915088985,-1.0527584351982584,1.307754489870659,-1.5062203863116366,-1.556122930661983,-3.356185250758102,1.8041148534976899,-2.858450073647798,-2.0573745929351963
-3.4739787818427144,2.387201272113239,-1.1651540946812038,1.7680607964805162,-0.5173209627902103,-1.8005542107934518,-2.8870623406080393,0.09834146822030765,-1.2652216881088443,-0.3660458191351776
-4.855834757619344,0.9618172351110401,-1.7703653774381871,1.134251355313673,-0.2381024581295762,-1.7227616274396462,-1.0812740589743328,-0.9960122538011497,0.24926395866128054,1.2695702570063108
-5.488447934132622,-0.9339621245051428,-1.2450241501199784,-0.07730550855294768,0.9417913863130268,-1.7849532879732988,0.07956102458464269,-0.6255478559020582,0.26907528475603715,0.9920451450150565
-4.947397354814908,-1.8385240977253736,0.2141619296391674,-1.0402792479683138,2.277648755475247,-1.653065191277079,-0.9972663390622031,0.5589762039992421,-0.03286594323594115,0.44458659986328425
-3.5533875185612014,-2.124640992579471,1.1636566231509278,-1.1999407563802655,1.861809704402883,-0.6290992555422635,-1.8058549267621629,0.9979820902446204,-0.40125647421044075,0.17896546023450413
-1.659889892394907,-1.8558743122165096,0.8366682564787632,-0.6721941596866758,0.306851940667312,-0.41143716950780496,0.17001832701475791,5.321822247493686e-05,-0.9488686520153607,-0.8285496756406957
-0.30794880220106713,-1.6482446106496558,-0.6190827867396402,0.35475452640246974,-1.0495288338470774,-0.9180394115810735,1.8973915441982623,-0.8453092045524578,-1.6630807648568853,-1.940015251599763
0.1615336073556118,-1.0793842669976155,-2.017745213735392,0.7007867450989297,-1.3297881527620672,-0.11623577847910337,0.025637937279238705,-1.0035834426382026,-0.9502962041164204,-2.279175076234785
-0.5758235303533651,-0.2827378668211287,-1.9502567569175893,0.05217903286380887,-0.5435061751696142,0.6844293756834529,-2.4233555961364455,-0.3208062409627157,0.7414189275951394,-1.6449293977275878
-0.8850190292244104,-0.5050087354526476,-1.1098450460020335,-0.5818317812794521,-0.431721155496942,-0.0169203403197167,-1.4719693673204268,0.7043019875966059,1.0893317204568507,0.01561368194500039
-0.437302484437794,-0.31220583160917964,-0.3465119327290927,-0.4194638569662828,-0.6180865769012113,-0.41226684955793663,-0.3576895101073284,0.9414581450810009,-0.39868949917028784,0.2553555273137979
-0.08859031021082539,-0.049103972698930125,-0.05578499682175292,-0.09711597924189334,-0.18454998718027615,-0.10065646822902354,-0.06180342515826401,0.2784235623356872,-0.09420232622527655,-0.1994950793887301
0.013149335228440534,0.00697291453485671,0.019872446964754775,0.007145455619940274,0.009132223024293732,0.012357622545696507,-0.05144824041021593,0.006545922550917667,0.012024883850321152,0.010397320938615576
-0.18188386174193252,-0.09369914083057544,-0.2935153032629981,-0.08617860828944798,-0.16798681085208556,-0.14429473758898675,0.6758047245049871,-0.06546023274522701,-0.14170440982184399,-0.11696882206440827
-0.6140558644930311,-0.4152691827537053,-0.20354043732301486,-0.2822225709676145,-0.8176810292391715,-0.6786919092444988,2.6279445026317223,-0.4727912000324655,-0.9386642646455235,-0.679843626707971
0.2224948990883905,-0.19397852899319007,0.8942018522745844,-0.6351052122084524,-1.4788972283333728,-0.9013214590699181,1.6515412849000213,-2.018923859812591,-0.20042081066164788,-2.47501138413195
1.1010895133493337,-0.45518954783221727,0.8388528169789883,-0.05214454442732288,-2.0447259189503972,-0.6679379123078928,-0.9557267254759217,-2.862525151045364,1.06005953378434,-0.24160335335036928
0.9311406437069558,-0.7710118418534438,-0.5644552247534805,0.3800348785944659,-2.687345934736545,-0.8373951370945879,-3.3638253171259302,-0.1755024378200295,-1.3285919350143633,1.8854955150375645
-0.1506394383315299,-0.34227347978370093,-0.666630238756057,0.4371366113661876,-1.818533062334432,-1.1063463852764157,-4.544613614445372,2.243958668448069,-2.4323697753788,-0.6777572407788297
-1.3736603430683043,-0.33144834749177365,-0.33162681320368664,1.2920729442116297,-0.12618114136361044,-2.5983815320509387,-4.23163666749789,2.447486583039916,-1.6832801690401864,-0.9810746147934324
-2.835379027726881,-1.2614437583375788,-0.5194548867660175,1.0567415635252382,0.9357384416783127,-2.805311672839617,-2.379568226054702,1.5219672704879237,-0.015503092833038884,0.8735242683076038
-3.878256059590323,-2.7233889817483155,-0.8497397754272162,0.39481523491122483,1.3533555661268557,-1.849370626204737,-0.5200694388369219,0.6759646813845513,-0.2370624640610653,1.659806043064226
-4.037959861224711,-3.621572864260402,-0.5724364977336321,0.2322844219455022,1.918657726320536,-1.4579414811482878,-0.19767105700145055,0.7083084721940942,-1.6085222886560262,1.1788768194912695
-3.159956258460276,-3.5187556856389453,0.02675201014506462,0.5158676121308641,2.1857835455394583,-0.9130068527720191,-1.047287070089561,0.9361810979329286,-1.8375796884059128,0.36935419362677613
-1.5816426572641078,-3.1328815931740808,0.5968667993414773,0.5130308932238459,0.9106916120939716,-0.08773912603089519,-0.8086251365573668,-0.06119687821876799,-1.1325622510126543,-0.26003556045963905
-0.27823632755584005,-2.847513881011234,0.3674686016982703,0.48185997325299307,-0.9921582912370207,-0.2387201811835443,1.081973030038914,-1.1170920225627614,-1.1539066195117895,-1.1257178563624197
0.06843533676077913,-2.5721844586555584,-0.3265619443210703,0.5663972660138104,-1.449406056586243,-0.0348468335048686,1.3962288088473251,-1.6305478137164173,-1.0313023794539222,-1.782137471206763
-0.34822164239656606,-1.728036356590872,-0.602373587199607,0.40487424008822326,-0.8009532997496813,0.6560543417887337,-0.5071299414197629,-1.614647745597354,0.09469981692453612,-1.5124812878585916
-0.7465744919648313,-0.7151730280876121,-0.8054691426066356,-0.10042995077931383,0.12617028969231434,0.6025251984250598,-1.775811681139696,-1.0701328407513877,1.08647047743132,-0.6406777772043633
-0.6636754285225414,-0.36551699140446425,-0.6877114811938204,-0.5555563486605873,-0.1738673679665332,-0.16853817450185274,-0.9816897350415994,-0.12808487903012827,0.660393295742259,0.6960608986590506
-0.28092598869234764,-0.16433864141088472,-0.2358206009990905,-0.28709948771334803,-0.6507801009256347,-0.29401372945610066,-0.24629851628959637,0.36548936887068656,-0.27951573771264954,0.756416980466034
-0.06203693005944146,-0.026767806877839882,-0.030799845249535735,-0.048949549463645575,-0.11409348484783421,-0.06038423737905641,-0.03852071478666986,0.15818426069657662,-0.05176606811446903,-0.08295878635221685
0.00989269655653515,0.005998592863694747,0.015345048150206217,0.005140853605506311,0.006983024019693446,0.008914452158759632,-0.04451091065304677,0.0047612991361998475,0.009472336857192634,0.007081631290328835
-0.12313374615670977,-0.08217164171200463,-0.21013179824855308,-0.05285182045809808,-0.09426058915283361,-0.10448689933143429,0.5690078983010578,-0.04100221976995997,-0.09786052247296617,-0.06972648904665639
-0.40186774354446025,-0.2847149579980868,-0.31858554198309763,-0.24912437576170915,-0.4901583102522858,-0.48061530863807744,2.3563089036843916,-0.31784032428382264,-0.6757113730488931,-0.44329961954625996
0.13754465918487097,0.4129437953979844,-0.14847759321519438,-0.818118111109025,-0.7864962444422355,-0.33518966555269614,1.2475535724835711,-1.545253071512288,-0.6343120379911613,-2.0068992230551808
0.7518598117908999,0.36825263128152247,-0.034686436057823976,-0.3838962092260049,-0.677448831697376,0.13706751505155745,-1.6316616154114059,-2.511673767866463,-0.077278090083177,-1.257462050249781
0.9206526473122102,-0.5252119674338165,-0.6109236762429521,0.5433594224207756,-0.8545630917122282,-0.0432232325089045,-4.0995644033881184,-0.42960093999390736,-1.096225694070217,-0.013038604120227528
0.6447315783397457,-1.3642368046386704,-0.5653348780117218,0.6058878976253083,-0.8057040074014086,-0.7115413985331008,-4.748590162348257,1.4690562207446183,-1.3520643823509428,-0.7096663973245426
0.24587680063630102,-2.04693215503963,-0.072649643076416,0.6683833936552918,-0.012801202343281455,-2.854462990839386,-3.8362661237661286,1.9183197942963717,0.05004462014935699,0.0971157892074401
-0.6633074591500574,-2.5507777049264813,-0.0424844192241345,0.0019878159136855348,0.3923804453733839,-3.28709903311481,-1.835809422394881,1.5125382610813742,1.1024699644760612,1.274295011878011
-1.4673785658254899,-2.7210545051839494,-0.34990247657422674,-0.7764495178371402,0.6185254052316269,-1.6234601274281781,-0.029072378825129398,0.9164594072836657,-0.7372609997827503,1.4991052157257156
-1.3632180139442294,-2.592630989621192,-0.6046171546667155,-0.085899592756808,1.357329605039089,-0.6348994438712647,0.021696991790700268,0.8270018809385289,-2.522831501000256,0.42304550218103865
-0.6686153021843599,-2.5459465963627483,-0.24138670304681473,0.8889697532089879,1.1656030836752935,-0.377739063818549,-0.16654129868389417,0.5642051763406343,-2.6525339028090835,-0.7507166758751108
0.18767899898734525,-2.4140017735663446,0.043041158194674974,1.188647168768701,-0.548383393415154,-0.4738070701542275,0.6750319251089676,-0.6822365871270745,-2.2120361612063983,-1.019515595669417
0.2999626425159671,-2.251785395350201,0.14281094761842839,0.657669739969257,-1.8690903775228918,-0.1594438811840679,1.474753858804578,-1.7575287311730012,-1.6263528378726284,-1.1536888968120569
-0.25042359476627857,-1.975852879740848,0.5277664391391227,0.40177740893182123,-1.5616838723777455,0.3279163511524959,0.6119332403698969,-2.0685606465328155,-0.7853531681480368,-1.0192089551595118
-0.6238783348866603,-1.4033254788469358,0.5590278480309343,0.2986426674884524,-0.533248259688799,0.663598488725939,-0.7575643990118307,-1.7680721422114247,0.18663460729812237,-0.4483503594474721
-0.595233743763738,-0.6006114861190585,-0.16465833605813734,-0.08839470247265654,0.24725264801689859,0.3262860329175737,-1.1486901123168178,-1.1394167168384037,0.6933413517206599,0.18473526966788525
-0.4106294613491968,-0.20474894886763323,-0.3918973522955091,-0.34214663587008204,-0.011420145754712613,-0.14563614410619466,-0.5830549423408357,-0.5122669067032304,0.24462259418397506,0.870337259200165
-0.15211205395391034,-0.07963649537535056,-0.13525875157559591,-0.09639338741815716,-0.3785180918630011,-0.17423818621377693,-0.14639741245527507,-0.05483935249826604,-0.14018225857905683,0.6693425170577868
-0.023478611935090668,-0.010140327256298404,-0.016003752685328807,-0.00888866118755548,-0.0534637767232176,-0.035203418447613474,-0.018703646093831607,0.029084605343417242,-0.02178102336912316,0.029384411616882253
0.003186911573745905,0.002408720634261971,0.005531918927644595,0.0015902683124443266,0.0026842213332266005,0.003388123288495278,-0.0178005597158963,0.0017707500898512174,0.0031664922054889,0.002264847705207824
-0.05418593891786302,-0.04617596256193256,-0.098863010461618,-0.016004711030594275,-0.04903374222439021,-0.061482685205689044,0.3194751659599165,-0.01598846592507094,-0.036003148830620606,-0.025457405336030334
-0.19489911738618992,-0.11294951843219335,-0.15557026188055492,-0.1959847783469119,-0.1435057152755206,-0.188631633071324,1.3413599077701126,-0.16135473865425856,-0.399500348391783,-0.22014550805404387
-0.022055711533677715,0.40700075090368926,-0.3524299193724889,-0.9767921385794214,0.08701823880342842,0.31292690543079127,0.4935022724949951,-0.9748588397928547,-0.7568925287997738,-1.3856569292089476
0.2390501583342766,0.11476366924231568,-0.2733128903183662,-0.48043346501249895,0.5277748906815478,1.1039393228528214,-1.7620403484567315,-1.8487778397379964,-0.2717260773451748,-1.7615619327639613
0.4944409273346394,-1.1348723993062413,-0.42366319105896205,0.5279224756978892,0.2979265704019964,1.2427013667365734,-3.4560860582457646,-0.6252276329629634,-0.38751773529567823,-0.9706561353315715
0.756917658787629,-2.1328936337804705,-0.39197817647162525,0.587360097952298,-0.07315120117285925,-0.10451860378773008,-3.7630413284670334,0.8607469976798033,0.22663428598825372,-0.804156057718982
1.2812181244157037,-2.278590424605458,-0.026717576560434404,-0.03525480713604122,-0.11833518573829054,-2.8018293902718874,-2.9973214909225048,1.3536132296805892,1.7216848249851473,0.17266221127726564
1.2051983492065017,-1.9614141094088609,-0.04195142364698757,-0.8942369640271368,-0.40504091092712036,-3.2719948422222562,-1.0931280265384173,1.0903280471845618,1.3383549688490506,1.3008719703304037
0.8396038386336161,-1.6068376814084528,-0.5315518585011936,-1.1889693666636767,-0.04684165899139456,-1.800009121056043,0.8170921949274407,0.6854029783516004,-0.5720082355025908,0.81223439668077
0.7221928166164208,-1.507235093310586,-1.1008988815214478,-0.5936874977561298,0.7099701161136337,-0.8025134060281872,1.2436087973058054,0.42478145525321676,-1.984707849057769,-0.43910719950614835
0.798027008526274,-1.6109679426330559,-0.64759906082662,0.052377803048230503,0.24992744368626474,-0.6156815262952232,1.1507555243507894,0.0809158359749462,-2.1062345288479487,-1.30828791902958
0.7132722401501675,-1.636507291337184,0.12057210596100702,0.39040258922656595,-1.0481565953014467,-0.6000913513228189,1.6144093807449527,-1.0552010513181336,-1.9903025543456687,-1.4505531862177046
0.2611930857150164,-1.4544009417133759,0.7457931730591908,0.4431510048548114,-1.5705320367880127,-0.13113579294772154,1.046439774106023,-1.620650265168754,-1.5133114753769215,-1.059851444985317
-0.43892439811690886,-1.3360152081556225,1.4130314322975042,0.46736226228505745,-1.2087031459844277,0.27775550336627397,-0.1029546971859588,-1.4784449128350081,-0.8544098627023922,-0.6634141696532827
-0.5867255252842125,-0.894494331681941,1.1868218518198603,0.26892615380110263,-0.4273489610985717,0.3649435570425789,-0.8475101689993934,-1.069960859890666,-0.25372168524954936,-0.05290761386013285
-0.45724949835885154,-0.3285900529459067,0.1319148669857009,-0.08436018660825097,0.04624338625900646,0.17425045307527437,-0.7121230680060321,-0.6386604475381114,0.16587034314905305,0.5388149037983475
-0.2952527341749202,-0.13197875278082288,-0.23342469214463074,-0.2356545148681291,-0.0754138420025035,-0.027676729039185718,-0.32380237116898813,-0.3793220063632729,0.07169520437095385,0.9029091973876767
-0.09698397444772586,-0.044253314709362626,-0.11352731300699913,-0.03178528356180161,-0.17265618945712174,-0.10793789833869055,-0.08920219836124556,-0.12308779086285805,-0.06319534242124776,0.5699421444417575
-0.007979349980487585,-0.003288270602762763,-0.004860243183948886,0.009889829266265669,-0.035670181078182414,-0.012372359471070203,-0.008069894833213773,-0.0019030280900475672,-0.008302849431790304,0.038691594664562456
0.0004463141634325507,0.00010912050723466383,-1.307231922682645e-05,5.2192403734549364e-05,-8.713739826650672e-06,0.0007303713989397736,-0.003748272613487445,0.00011857752553359158,-0.0002727143063537123,-7.192321111974514e-05
-0.014931101313117692,-0.014547086591781876,-0.026136081481084268,0.0026413555742338694,-0.01814755526877206,-0.03287376043517708,0.11709466740847997,-0.0028481269385156457,-0.0025915842786186946,-0.0037966316959146466
-0.11711176342606958,-0.012392804681620217,-0.07747445980908113,-0.11633166348698364,-0.005031631551111817,0.04133943431591241,0.41423660110288707,-0.054341843347756776,-0.16897035069489527,-0.07166676872469928
-0.1332141529474656,0.09294739408410632,-0.3186884541504451,-0.771100409409296,0.3287623702111219,0.8044272533593314,-0.058857024227013895,-0.463203255418485,-0.5012490475539598,-0.7541320148945414
-0.07897406234123353,-0.3872982729339559,-0.28269135868962186,-0.7901928149322843,0.9565538629200446,1.815455845933124,-1.2177718008232534,-0.9781130347878003,0.08579043884968329,-1.6816398554927814
0.055654145858012455,-1.2261035914083471,-0.3467691283692352,-0.2966490319592989,0.7037930509365788,2.2076092119643738,-2.168609450198652,-0.6904614148267957,0.6046028621983637,-1.6907969480479772
0.6218575890488032,-1.7079688447780474,-0.6001023001640419,-0.18592398755525968,0.057796761339911844,0.6011977722207731,-2.4917193827801745,0.10782433866576048,1.5806028710986746,-1.1839473156293567
1.5538116008211869,-1.3696009094278698,-0.49708954037952,-0.6250443595518633,-0.28755452338529375,-2.202062888092658,-1.8726474800277477,0.5002843659865017,2.0206382506714653,-0.1320706088502188
2.0384610474268636,-0.9388878148975995,-0.7282951873095748,-1.2395983133606838,-0.577383073210189,-2.8528745869138614,-0.31843491172287064,0.3425734409777026,0.8357166713886137,0.32051837021786117
1.9517438469466546,-0.8150170948818154,-1.227266914970188,-1.3408180922459945,-0.3259024178715519,-2.283164884589938,0.9660023903376346,0.029676972450206014,-0.44546803473593855,-0.29927409346088424
1.5264111031257976,-0.8408106859156451,-1.5611816474497497,-0.9582183706345215,0.11073116495471674,-1.6836278795047122,1.5353639720832348,-0.11990232260832567,-1.3772414322729747,-0.9142992677068255
1.0787207949294229,-0.9043558734229917,-0.8061492798341483,-0.49388866722160885,-0.2802013428060511,-1.01368530099005,1.4579066594171086,-0.35543562660957306,-1.451193652844498,-1.2293555012973942
0.644713918594226,-0.9571076182640417,0.6332015590986064,-0.03402953320622193,-1.0468501110660902,-0.2136095408491996,0.9943279157833639,-0.9618112210865946,-1.1660602363520403,-1.2685005182373792
0.09206001790311065,-0.8896686978954669,1.6465536341383278,0.15917029258779752,-1.0974118509379214,0.22748014527119548,0.13313320803760478,-1.0271460156538852,-0.8404997108145317,-1.0033227259111213
-0.35499076434583376,-0.7291706939729394,1.7384838160762268,0.2015397048592267,-0.6735072456362856,0.15910859623721177,-0.4489711329884515,-0.7868137866413067,-0.4447878799319865,-0.6371167321046649
-0.3865996063500775,-0.4484445149993439,1.2484104816265365,0.06274905836987364,-0.19267619922482496,0.2112177564460108,-0.6901475593967507,-0.4520635154498796,-0.14519539175828525,-0.1922537543240347
-0.27114955177730266,-0.17717288287787766,0.3673308520704298,-0.16708874355690873,0.017346482208585798,0.1677907442335558,-0.3951625180225003,-0.25879187987203417,0.07853184741261325,0.23368147215328963
-0.14558430972015002,-0.07431406815639748,-0.10723741514841646,-0.10188591216671,-0.09241597166819501,0.010177613301321024,-0.15749561503318316,-0.14222611707692948,0.004073383209523454,0.5709177625433559
-0.07532257130332123,-0.02210011643883031,-0.07858770323498727,-0.006018227915143079,-0.13225284954703337,-0.06125227514108503,-0.05571481074250436,-0.029404547649213776,-0.04283943929939778,0.3393914840812786
-0.027680473507845898,-0.004765917957244763,-0.005417929696162505,-0.0048050321661444505,-0.04180198714173216,-0.015021688818340501,-0.019804660531767743,0.03579417629459138,-0.00628779065022558,0.002682512732975657
2.7882007526064087e-05,-2.3906110871122333e-05,-0.0007112021018992718,7.791448482126215e-06,-5.629383869255719e-05,7.192055907994152e-05,-3.456626244028054e-05,4.635433838344055e-06,0.0004185180315355345,-5.025015327954305e-05
3.5097725782272985e-05,-0.0025361765793970137,0.005224396849671178,0.004212462522025096,-0.0047578001834754635,-0.015247214851044402,0.015432009808120796,0.000804083950961227,-0.0025295313320889247,0.0016554345614749155
-0.04655847514617507,-0.00010956076358454228,-0.027892233037562886,-0.049425382939487075,-0.019999269419916078,0.09752014559965405,0.06528949352014891,-0.014614607915105386,-0.07772522240711759,-0.016557717901386073
-0.17350508859530012,-0.043698347874325076,-0.2981131205311984,-0.41718255964255274,0.3405884000911299,0.8258668549214906,-0.10875529764708036,-0.22642086499378705,-0.32775311268746177,-0.39033877480335594
-0.35359088799081606,-0.40972817650606,-0.48771233532068403,-0.7056528660352342,0.8743366477485859,2.0773003317932477,-0.634699049045101,-0.5607593053570876,0.09313174855145076,-1.1352366571302273
-0.3304733203905263,-0.902414058587091,-0.6343421218243392,-0.6032014741554792,0.4332245558664933,2.9647884764508,-1.181347618084786,-0.6840817947412339,0.7545070732562214,-1.4801371910259231
0.24833418190034645,-0.9652971086753582,-0.7282830949389902,-0.5305116114341609,-0.059822161567958304,1.3972293624194279,-1.284044456953607,-0.2991163498495004,1.6157535171573991,-1.1447626107648115
1.1269189662567416,-0.6031858378999853,-0.6127303992923896,-0.6106641698980786,-0.2759208960146825,-1.1786216319335407,-0.8080091489143094,0.0354410289530356,1.4040978254360748,-0.4257292396751894
1.6182878966265335,-0.40629391143443755,-0.8829024832383424,-0.7640026599048287,-0.40549520476147577,-1.914132359538894,0.0061357541998754124,-0.13060755078513564,0.250462583710467,-0.311156192159492
1.6729542921958562,-0.4276160484901278,-1.1639157429890428,-0.8999962367652903,-0.3200831031878121,-1.7925441202001713,0.5997804324419101,-0.37624978294253913,-0.45312610769581824,-0.5763869848748224
1.4431826440152267,-0.45738521452745684,-1.2604843999121667,-0.8019597286079841,-0.13892705937440322,-1.3679911436212853,0.886009765204809,-0.3629039577393039,-0.7943450166025467,-0.7271559090497859
0.9943532040388161,-0.47436999761871307,-0.5572827956420028,-0.5643544851957111,-0.2965610885057321,-0.8017154877326224,0.8549373493658498,-0.35032918750166436,-0.8181182374601993,-0.7569364695514557
0.4762133740969064,-0.5004718053281992,0.8942512711975104,-0.32319988633812,-0.5713794126398478,-0.2298737770673196,0.35946583818609124,-0.5846359766161062,-0.6668937891021448,-0.6876391122581397
-0.06682650564963791,-0.43281037848616316,1.6609019392868338,-0.2704662489857045,-0.6226467500150084,0.13457024706249607,-0.11442177754626177,-0.5644194467023003,-0.3899824356919273,-0.5062398491681604
-0.2701626673078366,-0.3258328278795959,1.4927022742121225,-0.2641750595379367,-0.38349969372337417,0.20139770684263578,-0.31236860788429516,-0.39988611141061126,-0.18936578317208574,-0.28560479574884984
-0.2142540483972302,-0.18772699631922773,0.8885993912623362,-0.15348537817615476,-0.09498966767463678,0.2103895453084639,-0.3584160680157555,-0.23188552679662278,0.00958543517251131,-0.12123759969690612
-0.11053460479784469,-0.07545845692748059,0.2656839797458351,-0.10495104732203472,0.042672029183345436,0.08689842735912148,-0.17017400556122866,-0.13968699492305167,0.009457575228164096,0.03242028416871014
-0.04146695857481608,-0.02633134474142743,-0.003710982899669602,-0.029988168504363488,0.02810011944009032,-0.024776048947007457,-0.060312512114580816,-0.07139041447254152,-0.03299317698369073,0.19990451262673659
-0.030425101131612207,-0.008947426206778986,-0.02557269345509641,-0.002038353346921417,-0.019846961955942176,-0.018255678214203392,-0.014130926370461252,-0.01345394885125372,-0.017332903839874857,0.10060935365465458
-0.013244193253402606,-0.0018164351488530175,-0.0023206961985996065,-0.0033869497329463796,-0.0160124286627123,-0.0039396467464809124,-0.005756377549512845,0.011952747865466733,-0.00022147571609791773,0.0035712557454343633
6.250763135567597e-05,6.517225459072451e-05,-0.00032182290325044203,5.9348004032576344e-05,8.31658029320565e-05,5.824982683433579e-05,7.626335577345521e-05,5.416018069372642e-05,0.0005508942696627655,7.172293039558938e-05
0.0005260416000056679,-9.149122819951974e-05,0.00572811758014039,0.0009947725959303922,-0.0009686308622229146,-0.00545549497967207,-0.001774255121733625,0.0002776449468638025,-0.004308026173708246,0.0006609649576359077
-0.007113268413707714,0.0008512712436829911,-0.0025511983322169217,-0.006771618376063742,-0.011874367860833103,0.03958083733441336,-0.02702772017986205,1.4693489399614152e-05,-0.015257964517155576,0.0012612190410798316
-0.09003558953943923,-0.049450275047948945,-0.09231927314210316,-0.12082549235640615,0.11928758619700229,0.4588763643434054,-0.08544001936738083,-0.07769866110651656,-0.11156393492188665,-0.13614982675618628
-0.3291755387686507,-0.2573767935466551,-0.2930801365476486,-0.3969449792418964,0.29736310904319047,1.6705129188271333,-0.2508251075438382,-0.31078321535305053,-0.10256874137321725,-0.49364624183343864
-0.4030674303423952,-0.49270532030844827,-0.5300929076571832,-0.5562680840053642,0.07812395989441367,2.802715437318715,-0.5047206640186244,-0.5038979820408547,0.17203527198437613,-0.69513378628778
-0.13189652592492487,-0.4358548712672879,-0.500888198418034,-0.4084024385782305,-0.17642221346935114,2.0285155791201306,-0.5059191862188044,-0.3504350772896022,0.6066021318527707,-0.5222673476600059
0.21956125739195015,-0.1717557548108173,-0.21932361577522214,-0.20806866231132504,-0.11363687063732283,0.1103113067644228,-0.18462533330360384,-0.11159712590121576,0.4771391436575282,-0.19612952868998323
0.37655840813860275,-0.11590054519947128,-0.2559451648955579,-0.2066029228498596,-0.17068508590004863,-0.544244061242504,0.15013725108293,-0.16888457585220024,0.09472420828849988,-0.14068750469113436
0.47964709925675947,-0.15929462103973624,-0.4422615200714043,-0.2684855638174192,-0.16151111297240026,-0.5798692662514998,0.4296967501942886,-0.27865711571812324,-0.21444839086648002,-0.24963358137974948
0.4569461136756988,-0.1532957192124405,-0.5292713759230944,-0.2817468531811922,-0.20186773566162583,-0.37386284202615067,0.42814966144354977,-0.19553981372706808,-0.25284289138490257,-0.2966821497839535
0.29004473393918806,-0.16715614306959115,-0.06817140653705618,-0.25389897515139925,-0.22541203496894607,-0.20608783229033859,0.24235310365474966,-0.17260704524191225,-0.22552357761255207,-0.31116063328419913
0.06543215060270491,-0.21281510368693543,0.7745541897130698,-0.2740306472066964,-0.23924316819616506,-0.11532268786800955,-0.044379615653077895,-0.22793600434344602,-0.24597914684681738,-0.2967484395691249
-0.07215264431116819,-0.15486953362618164,0.9924391304578236,-0.2661247833384746,-0.230091906643596,-0.04434326409413647,-0.1641689937886752,-0.14763091400386463,-0.16214748114293395,-0.16175684801463772
-0.1259353559164042,-0.07377669770444521,0.8019548936161197,-0.21024778442712375,-0.13450187184674997,0.026099164322166805,-0.17990392426857407,-0.11211055793309359,-0.08113672190250211,-0.04147473366051269
-0.0772609847528694,-0.014825775101951344,0.398128250832572,-0.12199675869239038,-0.04477643545120377,0.04332906668836237,-0.12957877498935924,-0.06648059283926505,-0.04049841865280813,-0.010103239387006179
-0.03023681403578877,-0.0017882293881230653,0.07345033283964746,-0.024385390361095466,0.01725328441031932,-0.0008330285519967492,-0.04167632680866357,-0.02675318006765003,-0.019096221513853602,0.00015046026391074975
-0.003465716727864861,-0.003380754442587525,-0.010223542022195829,-0.0037164923155726362,0.0209215760959576,-0.011179609230571482,-0.004287291063830257,-0.007089625999799183,-0.0070634235913737305,0.01941995333737261
-0.002213746108019149,-0.0014143221448234449,-0.0022970912657100254,-0.001993462086391176,0.004433121326519997,-0.0016016548584039056,-0.0007345186329713857,-0.0021504268226898923,-0.004983253764490485,0.012590764779552135
0.0002356943240348712,0.00015481807589271253,0.00019635178605238902,0.00019445591862707914,1.6687148776674269e-06,0.00046750026132385305,0.0005222618642403997,-0.001044123651214246,0.0007853178789443847,-0.0007154311191203761
-2.399072421680798e-06,-2.326608185500883e-06,1.4312522138818948e-05,-2.2070003283344964e-06,-2.7836623281582413e-06,-2.645631055613818e-06,-6.822246575332883e-07,-2.0147936098277174e-06,-2.1467969347622064e-05,-2.3851944970043392e-06
7.021357962870919e-05,0.0001166512703941822,-0.0001419611569259206,-4.734053284995886e-06,0.00012654662775742816,-0.0002840259180428926,9.949544825317576e-05,3.394533678874722e-05,0.0002614120333520028,2.283980356773922e-05
0.001732414898094559,0.0009775526777153797,8.704432557114649e-05,0.001619121117767864,-0.00030785959056417293,-0.007087198359684734,-0.0008118292970814472,0.0009530834803349458,0.0013292524119973299,0.0013413558313768628
-0.011811278494119698,-0.014417180605827666,-0.00018764788484252508,-0.005557280422269005,-0.006419559323802714,0.06693312889034755,-0.0020475040089943095,-0.005071416023985266,-0.006734302292471377,-0.005192239826230174
-0.09368009882858863,-0.07144251671327369,-0.05479237332554014,-0.0636963980097206,-0.0024366569293780694,0.45767811899118604,-0.022690499184194322,-0.06847043333964388,-0.03112796951902557,-0.0914715698784866
-0.1811642287330529,-0.14812689058204784,-0.14916212709789503,-0.14344428938079182,-0.005696537980418386,1.0264457029993197,-0.12586520791645894,-0.15483308038172597,-0.06668196293227373,-0.19679184448447343
-0.12331964743492314,-0.11825937527485676,-0.12415627248553085,-0.09289161119854222,-0.04867266605674828,0.8800756404819,-0.11940131653178118,-0.11549232803214468,-0.03830665201807222,-0.13299768617009192
-0.049584359414987976,-0.019096661031028063,-0.02452452524297957,-0.015531014280947168,-0.017206557846095583,0.28653365608864356,-0.032431813411623586,-0.03324768953067512,0.033237043261761606,-0.03182528887523611
-0.0208480148279218,-0.0035273187284683787,0.04422143700537624,-0.0017059190237676772,-0.032810509486459784,0.059950962326317,-0.020750103662051655,-0.011823587752496496,0.03331279757813768,-0.017811612507843348
-0.03827926087570208,-0.010658651469535207,0.008389500553688456,0.0013597228724009243,-0.04608522062567135,0.00799164884974913,0.07499626975261854,-0.005213543968638616,0.009855552107297452,-0.002101909099291976
-0.05072290103588802,-8.499128562687339e-05,-0.025787547775153363,0.001505340580040449,-0.05239314563164634,-0.0029816320512099704,0.12161299109753389,0.019268271776426066,-0.01394473693703549,0.008832097046210241
-0.058799314324510056,-0.015141143281030264,0.17447346337881373,-0.012271016566556244,-0.06140611795375671,-0.00846710161155618,0.0035985808390541483,-0.005273716621861334,-0.033732361467423616,-0.01814075792979781
-0.06318056535230321,-0.04390110434629462,0.3553417560836121,-0.039047709563849876,-0.06530033063989486,-0.0172688489229494,-0.09852034532766009,-0.028441144925204515,-0.062312784586575985,-0.050338856122281395
-0.024333876222694045,-0.025312843126092992,0.25173171397900884,-0.02733290634407366,-0.03153560631386926,-0.01500573195932278,-0.07283015607640288,-0.01292583179915751,-0.0360322009214335,-0.020728298391818993
-0.001558600370495412,-0.00658232690678877,0.14103712680213012,-0.02995522807545001,-0.010890684559295398,-0.023755960419751733,-0.03537239560667,-0.005284812494429533,-0.027488556904600336,-0.0077201322019280075
0.016469684039486333,0.02179857579200387,0.06911729919553058,-0.014797006258703414,-0.0022942937574477198,-0.015802781576657304,-0.016945934589694223,-0.008110485280577793,-0.01768603714175887,-0.012452722614758781
0.003983933484860317,0.00535058877714135,0.02038743128305567,-0.0031018392613317096,1.5666307858620238e-05,-0.0038909875855113124,-0.004526979906563176,-0.002828381190458044,-0.004097198707060785,-0.006829061544470752
0.00013084601145263672,-0.0002663561993541658,-0.000625324827191703,0.0009313626251192733,-0.0010930693931749716,0.0009956845209434535,0.0014830457101718828,0.001162879397403366,0.001051604276190185,-0.0018228635351949813
0.00041287964902411966,0.0001538144195743928,0.00013178118547722004,0.00016078840312063014,3.3341460129479442e-06,0.00024066315186598274,0.0001849462182163124,0.0002551177160038099,0.00036481548538283163,-0.0012586160128036613
0.00011256496667473188,1.021398070802565e-05,1.6089056884574533e-05,1.8082756428418828e-05,0.00014147895890696954,9.746593682833517e-06,1.9977871646178838e-05,-2.2269528574550797e-05,-3.878598535029141e-05,-4.3336880150130254e-05
0.0,0.0,0.0,0.0,0.0,0.0,0.0,0.0,0.0,0.0
-7.466288504984704e-06,-8.542571370466864e-06,-7.2585534130608845e-06,-5.044978987637968e-06,-5.997196991649043e-06,4.530868765251912e-05,-7.967605453915038e-06,-4.284802958863194e-06,-9.709132803573897e-06,-4.8633652849450674e-06
2.550118971203447e-05,0.00010463547908541601,0.00013131094395707387,4.71902437421792e-05,0.00019832866615772472,-0.0004865718005061262,-4.698720440396057e-05,1.3746520096680011e-05,-0.0001405203268973172,4.678259519483279e-05
0.0011150228076781796,0.0004773454332168729,-7.555183356917118e-05,0.0002800626286232724,-0.000564137421292549,-0.0010703202620018053,0.00024339028833336861,0.0006542195193356338,0.0015643810212043565,0.0007300196020023879
-0.008049543646125106,-0.008153502411522816,-0.0059648069528229035,-0.00245732651648157,-0.011660456187909816,0.006688306045935129,0.02089955529418453,-0.004251330288152171,0.015777132644937682,-0.009631830572105614
-0.008692527833148478,-0.010960832272448592,-0.005772102617388468,-0.0018096088772043878,-0.004902864496872793,0.015602785648987611,0.01082166223963551,-0.01045589399044828,0.028367277381422938,-0.02058776939161983
-0.005012833144261881,-0.002036872167850723,-0.0007739378110101679,-0.0006407989349497522,-0.007657173829101657,0.01914480875210195,-0.006696469149996346,-0.008546945324490757,0.0025109125825435153,-0.010703616273314892
0.0014565142640387378,-0.001781318878364805,-0.0009262230266251874,-4.395438115937879e-05,-0.0019462196258744823,0.006422025556086032,-0.0001448565528927237,-0.0003945083592565097,-0.008341374936468693,8.662770394296716e-05
0.00788120697084056,-0.002396355570846964,-0.0004228454232429447,-0.0011999467278779674,-0.002821979873764143,0.005279271053606199,-0.0037567181087701912,-0.001616598182147357,0.005202696464003173,-0.0023810688156383126
0.003305591998123144,0.00047800080353078094,0.006774136672324828,3.8477751106054094e-05,-0.0015889816339386851,6.045067708877645e-05,-0.011512327885756964,0.0002659918961767342,0.004191577887470493,0.0007723908312209265
0.0008928195265331704,0.00140062956759613,0.01644479172174098,0.002627403412677585,0.00016678438299989952,0.0002573106616773156,-0.01872524638270724,-0.002178888768705896,-0.0012917919654641804,0.0028394628455738103
0.0012176364571884618,-0.00013799917904253091,0.02207150015074379,0.0032635207624153533,0.002095841015335014,-0.0034281022638634542,-0.02094573754044061,-0.0018205403876198495,-0.002582260790155287,-0.001294584314344825
7.147794919078193e-05,0.0007434070332550474,0.01829011019520694,-0.0018544700371732256,-0.0014014322853816358,-0.006397033995357553,-0.020478882653525137,-0.0034491116272441407,-0.004831399469838401,-0.008560791902720343
-0.0008913144057355966,0.01730256588113761,-0.014766135607890621,-0.0018158025691465808,0.00024233269125312627,-0.0034556523483639102,-0.003727596391499762,-0.0026626699496656815,-0.0028263969507524834,-0.0035978813087042634
0.004735530398195311,0.0014893196956493897,0.0016989095394875804,-0.0017061872026858612,0.0005336163191121195,-0.0015744340869791736,-0.0014567523949419881,-0.00017160591772096698,-0.0010994823014431859,-3.7360338064024746e-05
0.010038493857503623,-0.0003704858329530035,-0.0014019489359641823,-0.0004159083873206487,-0.0003944075559960903,-0.0004952589689466192,-0.0004992782163920254,-0.00010294357908404941,-0.00020935864887528156,0.00025171080937673565
0.002422817398171381,-0.0006712671363558968,0.00245168841765554,0.00010851897896230592,-0.0003581850729197898,6.786353819913607e-06,7.097151097996697e-05,-0.00046794534830767496,5.933378455832766e-05,0.00021289793235821974
-0.00037258818466005843,4.735317461680451e-05,0.0009412133934295296,-3.718693809193434e-05,-2.643992374079807e-06,-3.2472314285499884e-05,-7.765427353823275e-05,-0.00015434146228669583,-6.565296166838556e-05,-8.125811126262174e-05
5.568325446742355e-06,1.7469364859956077e-06,-9.710731401325449e-05,2.3830711866627927e-06,3.3780430595471224e-06,2.893823631374395e-06,6.056143382581569e-06,1.6663837280812356e-05,5.027309951340027e-06,4.788125124914725e-06
0.0,0.0,0.0,0.0,0.0,0.0,0.0,0.0,0.0,0.0
